¯\_(ツ)_/¯	shrug whatever idk dunno meh
¯\(°_o)/¯	shrug confused idk huh
┐(￣ヘ￣)┌	shrug whatever meh unimpressed
╮(╯▽╰)╭	shrug sigh whatever oh well
(╯°□°)╯︵ ┻━┻	tableflip flip table angry rage
(ノಠ益ಠ)ノ彡┻━┻	tableflip flip table angry furious rage
┻━┻ ︵ヽ(`Д´)ﾉ︵ ┻━┻	tableflip double flip table angry rage
┬─┬ノ( º _ ºノ)	unflip put table back calm sorry fine
(ಠ_ಠ)	disapproval look stare judging unimpressed serious
ಠ_ಠ	disapproval look stare judging unimpressed
ಠ‿ಠ	smug creepy grin judging
( ͡° ͜ʖ ͡°)	lenny smug suggestive flirty wink cheeky
( ͡~ ͜ʖ ͡°)	lenny wink smug flirty cheeky
( ͠° ͟ʖ ͡°)	lenny suspicious skeptical smug
(▀̿Ĺ̯▀̿ ̿)	cool sunglasses deal with it smug
(•_•) ( •_•)>⌐■-■ (⌐■_■)	deal with it cool sunglasses smug
(⌐■_■)	cool sunglasses smug deal with it
(￣ー￣)	smug smirk satisfied
(￣▽￣)	smug grin pleased happy
( ￣ω￣)	smug content pleased
(¬‿¬)	smug smirk sly scheming
(¬_¬)	suspicious side eye unimpressed skeptical annoyed
(¬_¬")	annoyed suspicious side eye
( ˘▽˘)っ♨	smug relaxed tea sipping content
( ˘ ³˘)♥	kiss love smooch
(•̀ᴗ•́)و ̑̑	determined confident smug lets go
(˵ ͡° ͜ʖ ͡°˵)	smug lenny blush cheeky
( ´ ▽ ` )ﾉ	happy wave hello hi
(＾▽＾)	happy smile joy
(◕‿◕)	happy smile cute
(◕‿◕✿)	happy smile cute flower
(｡◕‿◕｡)	happy smile cute
(✿◠‿◠)	happy smile cute flower content
(^_^)	happy smile
(^▽^)	happy smile joy
(≧▽≦)	happy excited joy squee
(ﾉ◕ヮ◕)ﾉ*:･ﾟ✧	happy excited sparkle magic yay celebrate
✧*｡٩(ˊᗜˋ*)و✧*｡	happy excited yay celebrate
ヽ(•‿•)ノ	happy yay cheer celebrate
\(^o^)/	happy yay cheer celebrate
ヽ(´▽`)/	happy yay cheer
٩(◕‿◕｡)۶	happy yay cheer excited
٩(^‿^)۶	happy yay cheer
(☆▽☆)	happy excited starstruck amazed
(✯◡✯)	happy starstruck amazed
(*^‿^*)	happy blush smile shy
(*≧ω≦*)	happy excited cute squee
(o^▽^o)	happy smile joy
(´｡• ᵕ •｡`)	happy content cute soft
(๑˃ᴗ˂)ﻭ	happy excited lets go
(っ˘ω˘ς )	happy content cozy
ᕕ( ᐛ )ᕗ	happy walking strut carefree
┏(＾0＾)┛┗(＾0＾)┓	dance happy party celebrate
♪┏(・o･)┛♪	dance music happy party
└(^o^)┐	dance happy party
ヾ(⌐■_■)ノ♪	dance cool party music
♪～(´ε｀ )	whistle innocent music carefree
(ง •̀_•́)ง	fight determined ready angry come at me
(ง'̀-'́)ง	fight ready come at me
ᕦ(ò_óˇ)ᕤ	strong flex muscle determined
ᕙ(⇀‸↼‶)ᕗ	strong flex muscle angry determined
(ಠ益ಠ)	angry furious rage
(╬ಠ益ಠ)	angry furious rage
(＃`Д´)	angry mad furious
(`皿´＃)	angry mad furious
(ノಠ益ಠ)ノ	angry rage furious
ヽ(`⌒´メ)ノ	angry mad
(╬ Ò﹏Ó)	angry mad annoyed
(｀ε´)	angry pout annoyed grumpy
(-_-メ)	angry annoyed irritated
(҂`з´)	angry mad grumpy
(ꐦ°᷄д°᷅)	angry mad irritated
凸(｀⌒´メ)凸	angry middle finger fuck you rude
( ︶︿︶)_╭∩╮	angry middle finger rude
(╯︵╰,)	sad cry upset
(ಥ﹏ಥ)	sad cry crying tears
(ಥ_ಥ)	sad cry crying tears
(╥﹏╥)	sad cry crying tears
(T_T)	sad cry crying tears
(;_;)	sad cry crying tears
(ᗒᗩᗕ)	sad cry sobbing wail
(´；ω；`)	sad cry crying tears
(っ˘̩╭╮˘̩)っ	sad hug please comfort
(︶︹︺)	sad pout grumpy upset
(ㆆ_ㆆ)	sad disappointed unimpressed
(◞‸◟)	sad disappointed dejected
(._.)	sad awkward quiet small
( ´_ゝ`)	sad sigh disappointed meh
(´-ω-`)	sigh tired sleepy content
(-_-)	unimpressed bored meh deadpan
(－‸ლ)	facepalm frustrated ugh
(ლ‸－)	facepalm frustrated ugh
(＃￣0￣)	annoyed shocked mad
(⊙_⊙)	shocked surprised wide eyed stare
(°ロ°)	shocked surprised gasp
(ﾟДﾟ;)	shocked scared surprised
Σ(°△°|||)	shocked surprised horrified
(O_O)	shocked surprised stare
(º﹃º)	drool hungry want
(°o°)	surprised oh wow
(⊙＿⊙')	nervous shocked awkward
(°ー°〃)	nervous awkward sweat
(^_^;)	nervous awkward sweat embarrassed
(¬‿¬ )	sly smug scheming
(；一_一)	annoyed exasperated sweat
(・_・;)	nervous awkward confused
(・・？	confused question huh
(⊙.☉)7	confused huh what
(゜-゜)	confused blank stare
(´･_･`)	confused awkward uncertain
(・_・ヾ	confused scratch head thinking
( ˘･_･˘)	thinking pondering hmm
(￢_￢;)	suspicious nervous side eye
(°ヘ°)	confused puzzled huh
╰(°ㅂ°)╯	scared panic ahh
ヽ(°〇°)ﾉ	panic scared shocked ahh
(ﾉ´ヮ`)ﾉ*: ･ﾟ	excited sparkle yay magic
(づ｡◕‿‿◕｡)づ	hug love cuddle
(っ◕‿◕)っ	hug cuddle love
(つ≧▽≦)つ	hug excited love
⊂(・▽・⊂)	hug cuddle
(づ￣ ³￣)づ	hug kiss love
♡(˘▽˘>ԅ( ˘⌣˘)	hug cuddle love
(♡°▽°♡)	love heart eyes crush
(♥ω♥*)	love heart eyes cute
(ღ˘⌣˘ღ)	love content blissful
(´∀｀)♡	love happy heart
(*˘︶˘*).｡.:*♡	love content blissful heart
(っ´ω`c)♡	love shy cute heart
(˘³˘)♥	kiss love smooch
(✿ ♥‿♥)	love heart eyes
♡＼(￣▽￣)／♡	love happy cheer
(〃▽〃)	blush shy embarrassed
(⁄ ⁄•⁄ω⁄•⁄ ⁄)	blush shy embarrassed flustered
(*/ω＼)	blush shy embarrassed hide
(/▽＼)	blush shy embarrassed hide
(o´▽`o)	blush happy cute
(〃￣ω￣〃ゞ	blush embarrassed shy
(^_−)☆	wink flirty cheeky
(~_^)	wink cheeky
(゜ω゜)	cute dumb derp
(・ω・)	cute neutral blank
( ´ ω ` )	cute content
(=^･ω･^=)	cat cute meow
(=^･ｪ･^=)	cat cute meow
ฅ^•ﻌ•^ฅ	cat cute meow paws
(^・ω・^ )	cat cute meow
ʕ•ᴥ•ʔ	bear cute
ʕ •ᴥ•ʔゝ☆	bear cute wink
ʕノ•ᴥ•ʔノ ︵ ┻━┻	bear tableflip angry
U・ᴥ・U	dog cute puppy
▼・ᴥ・▼	dog cute puppy
(•ㅅ•)	bunny cute rabbit
(\_/)	bunny rabbit cute
(＾• ω •＾)	cat cute happy
<コ:彡	squid octopus
><(((('>	fish
~>°)~~~	snake
(>‘o’)> <(‘o’<)	kirby dance happy
(っ•́｡•́)♪♬	sing music happy
ヽ(゜∇゜)ノ	happy cheer yay
ლ(╹◡╹ლ)	happy gimme want
ლ(ಠ益ಠლ)	angry why frustrated
ლ(ಠ_ಠლ)	why frustrated annoyed disapproval
┐( ˘_˘ )┌	shrug whatever sigh
(・∀・)	happy mischievous smug
(*￣▽￣)b	thumbs up approve good job
(b ᵔ▽ᵔ)b	thumbs up approve good
d(^_^o)	thumbs up approve good
( •̀ω•́ )✧	confident determined sparkle smug
(￣^￣)ゞ	salute yes sir
(￣ω￣;)	awkward sweat nervous
(｡•́︿•̀｡)	sad pout upset cute
(｡ŏ﹏ŏ)	sad worried nervous
(>_<)	frustrated ugh wince pain
(×_×)	dead ko exhausted
(✖╭╮✖)	dead ko
(x_x)	dead ko exhausted
(－_－) zzZ	sleep sleepy tired zzz
(=_=)	tired bored sleepy meh
(ᴗ˳ᴗ)	sleep sleepy peaceful
(∪｡∪)｡｡｡zzz	sleep sleepy tired zzz
(˘ω˘)	content peaceful sleepy
(´～`)	bored tired meh
( ͡ಠ ʖ̯ ͡ಠ)	disapproval angry annoyed lenny
(ᵔᴥᵔ)	cute happy bear
(ʘ‿ʘ)	creepy stare wide eyed
(◉_◉)	shocked stare wide eyes
(⊃｡•́‿•̀｡)⊃	gimme hug cute
(っ＾▿＾)💨	run away escape
ε=ε=ε=┌(;*´Д`)ﾉ	run away escape panic
ε=ε=┏( >_<)┛	run away escape
(∩^o^)⊃━☆	magic wizard spell sparkle
(ノ°∀°)ノ⌒･*:.｡. .｡.:*･゜ﾟ･*☆	magic sparkle excited throw
(っ-●益●)っ	angry ready fight evil
(◣_◢)	evil angry menacing
(¬▂¬)	annoyed unimpressed evil
Ψ(｀∀´)Ψ	evil devil mischievous
(￣ε￣＠)	pout sulk annoyed
(｡•ˇ‸ˇ•｡)	pout sulk grumpy upset
(〜￣▽￣)〜	wiggle dance happy
~(˘▾˘~)	wiggle dance happy
(~˘▾˘)~	wiggle dance happy
(ﾟーﾟ)	blank huh neutral
(´ー`)	content sigh relaxed
(ˇ▽ˇ)ノ	wave hello hi bye
(^_^)/	wave hello hi bye
(*・ω・)ﾉ	wave hello hi cute
( ´ ∀ `)ノ～ ♡	wave bye love
( ・_・)ノ⌒●~*	bomb throw grenade
(☞ﾟヮﾟ)☞	finger guns point you
☜(ﾟヮﾟ☜)	finger guns point you
(☞⌐■_■)☞	finger guns cool point
(•̀ o •́ )ง	fight determined ready
(ノ_<。)	sad cry wipe tears
(っ- ‸ – ς)	sad disappointed sigh
m(_ _)m	sorry bow apologize thanks please
<(_ _)>	sorry bow apologize thanks please
(人 •͈ᴗ•͈)	please beg thanks
(✿´‿`)	content pleased serene
(o_O)	confused suspicious what
(O_o)	confused suspicious what
(¿?)	confused question
(°_°)	blank stare shock
